id;name;last_name;birth_date;gender;nickname;email
1;Lead Administrator;Stokes;2020-03-29T19:26:08;connecting Kenyan Shilling;bus India;Ricky_Rutherford50@gmail.com
2;target;White;2020-03-29T15:36:03;capacitor Jordan;generate;Stefan.Zulauf59@gmail.com
3;infrastructure zero administrati;Schoen;2020-03-29T03:50:34;networks vertical;Baby;Angelina94@yahoo.com
4;context-sensitive;Boyer;2020-03-29T14:57:26;Unbranded utilize yellow;3rd generation partnerships soft;Mckenna.Feest48@gmail.com
5;process improvement reinvent ala;Blick;2020-03-29T05:51:09;Customer Ukraine full-range;Credit Card Account robust;Alex.Hayes77@yahoo.com
6;Land silver Architect;Gutkowski;2020-03-29T09:49:34;Dong Fantastic incentivize;deposit Unbranded;Marianne.Schaden@gmail.com
7;Shoes multi-byte;VonRueden;2020-03-29T16:05:15;Assistant;Fully-configurable;Alana41@hotmail.com
8;architect Identity e-markets;Jacobs;2020-03-29T08:16:37;Investor withdrawal;Awesome Forge North Dakota;Beryl_Bartoletti76@hotmail.com
9;Gorgeous Plastic Keyboard;Farrell;2020-03-29T16:16:08;deposit Syrian Pound;neutral;Rafael.Hudson31@yahoo.com
10;hack;Wisozk;2020-03-29T19:51:54;quantifying user-centric Colorad;Antarctica (the territory South ;Adrienne_Cassin@yahoo.com
